{"cameraMode":{"drawMode":0,"name":"Shaded","section":"Shading Mode"},"sceneLighting":true,"audioPlay":false,"sceneViewState":{"m_AlwaysRefresh":false,"showFog":true,"showSkybox":true,"showFlares":true,"showImageEffects":true,"showParticleSystems":true,"showVisualEffectGraphs":true,"m_FxEnabled":true},"in2DMode":false,"pivot":{"x":2.7653369903564455,"y":-2.739480972290039,"z":-7.634148597717285},"rotation":{"x":-0.09322519600391388,"y":0.8711066842079163,"z":-0.18185719847679139,"w":-0.44655391573905947},"size":12.998452186584473,"orthographic":false}