{"cameraMode":{"drawMode":0,"name":"Shaded","section":"Shading Mode"},"sceneLighting":true,"audioPlay":false,"sceneViewState":{"m_AlwaysRefresh":false,"showFog":true,"showSkybox":true,"showFlares":true,"showImageEffects":true,"showParticleSystems":true,"showVisualEffectGraphs":true,"m_FxEnabled":true},"in2DMode":false,"pivot":{"x":2.5079140663146974,"y":10.666412353515625,"z":-47.957401275634769},"rotation":{"x":0.2758776545524597,"y":-0.05043395608663559,"z":0.01449658628553152,"w":0.9597612619400024},"size":5.980781555175781,"orthographic":false}